<?xml version="1.0" encoding="ISO-8859-1"?>
<document><properties><title>The Dbunit Framework - Best Practices</title></properties><body><section>
      <h3>Best Practices</h3>
      <ol>
        <li><a href="#onedbperdev">Use one database instance per developer</a></li>
        <li><a href="#nocleanup">Good setup don't need cleanup!</a></li>
        <li><a href="#smalldatasets">Use multiple small datasets </a></li>
        <li><a href="#staledata">Perform setup of stale data once for entire test 
          class or test suite</a></li>
        <li><a href="#connections">Connection management strategies</a></li>
      </ol>
      <h3><a name="onedbperdev">Use one database instance per developer</a></h3>
      <p>Testing can be simplified if you can get your database in a known state 
      before a test is run. A database should only be used for one test at a time; 
      otherwise the database state cannot be guarantied. </p><p>
	So multiple developers working on the same project should have their own 
	database instance to prevent data corruption. This also simplifies database 
	cleanup, as you don't necessarily need needs to revert it to its initial state.
</p>
      <h3><a name="nocleanup">Good setup don't need cleanup!</a></h3>
      <p>
      You should always avoid creating tests that depends on results of preceding 
      tests; thankfully this is the main purpose of DbUnit. 
      </p>
      <p>
      Don't be afraid to leave your trace after a test; principally if you are using 
      <a href="#onedbperdev">one database instance per developer</a>. If you always put 
      your database in a known state before a test execution, you usually don't need to 
      clean it up.. This simplifies your tests maintenance and 
      reduces the overhead taken by the cleanup procedure.
      And sometimes, this is very helpful to manually verify the database state after 
      executing a test that fails. 
	</p>

      <h3><a name="smalldatasets"> Use multiple small datasets</a></h3>
      <p>
      Most of your tests do not require the entire database to be re-initialized. 
      So, instead of putting your entire database data in one large dataset, try 
      to break it into many smaller chunks.
      </p>
      <p>
      These chunks could roughly corresponding to logical units, or components. 
      This reduces the overhead caused by initializing your database for each 
      test. This also facilitates team development since many developers working 
      on different components can modify datasets independently.
      </p>
      <p>
      For integrated testing, you can still use the CompositeDataSet class      
      to logically combine multiple datasets into a large one at run time.
      </p>
      <h3><a name="staledata"> Perform setup of stale data once for entire test 
        class or test suite</a></h3>
      <p>
      If several tests are using the same read-only data, this data could be initialized 
      once for an entire test class or test suite. You need to be cautious and 
      ensure you never modify this data. This can reduce the time required to 
      run your tests but also introduces more risk. <br></br>
      </p>
      <h3><a name="connections"> Connection management strategies</a></h3>
      <p>
      Here are the recommended connection management strategies depending whether 
      you test from a remote client or an in-container strategy:
      </p>
      <h4>Remote client with DatabaseTestCase</h4>
      <p>You should try to reuse the same connection for the entire test suite to reduce 
        the overhead of creating a new connection for each test. 
        Since version 1.1, DatabaseTestCase is closing every connection in setUp() 
        and tearDown(). Override the closeConnection() method with an empty body 
        to modify this behavior. </p>
      <h4>In-container with Cactus or JUnitEE</h4>
      <p>
      If you use the in-container strategy you should use the DatabaseDataSourceConnection 
      class to access the DataSource you configured for your application server. 
      JDBC connections are requested on demand from the DataSource. So you can 
      rely on the built-in connection pooling capability of your application server 
      to achieve good performance.
      <source>IDatabaseConnection connection = new DatabaseDataSourceConnection(
      new InitialContext(), "jdbc/myDataSource");</source>
      An alternative since version 2.2 is to subclass JndiBasedDBTestCase and specify the JNDI lookup name.
      <source>public class MyJNDIDatabaseTest extends JndiBasedDBTestCase {
   protected String getLookupName(){
      return "jdbc/myDatasource";
   }
   ...
}</source>You may also use JndiDatabaseTester if you can't subclass JndiBasedDBTestCase.
      </p>
      
     
</section></body></document>
