<?xml version="1.0"?>

<document>

  <properties>
    <title>About DbUnit</title>
    <author email="epugh@uopensourceconnections.com">Eric Pugh</author>
  </properties>

  <body>

  <section name="About DbUnit">
    <p>
      DbUnit is a JUnit extension (also usable with Ant) targeted for database-driven projects that, 
      among other things, puts your database into a known state between test runs. This is an excellent 
      way to avoid the myriad of problems that can occur when one test case corrupts the database and 
      causes subsequent tests to fail or exacerbate the damage.      
    </p>
    <p>
      DbUnit has the ability to export and import your database data to and from XML datasets. Since version 2.0, DbUnit can works with very large dataset when use in streaming mode.
      DbUnit can also helps you to verify that your database data match expected set of values.
    </p>
  </section>

  <section name="News">
      <table border="1">
        <tr>
          <td>2008-05-23</td>
          <td>Well another bug fixing release is out: 2.2.3 fixes some annoing bugs! Please see <a href="changes-report.html#a2.2.3">changes</a>.</td>
        </tr>
        <tr>
          <td>2008-05-05</td>
          <td>Release 2.2.2 is out and fixes some annoing bugs! Please see <a href="changes-report.html#a2.2.2">changes</a>.</td>
        </tr>
        <tr>
          <td>2008-03-19</td>
          <td><a href="http://dbunit.wikidot.com/">Wiki</a> is back.... again!</td>
        </tr>
        <tr>
          <td>2008-03-18</td>
          <td>Release 2.2.1 is finally out!!! See <a href="changes-report.html#a2.2.1">changes</a>.</td>
        </tr>
        <tr>
          <td>2008-03-12</td>
          <td>S&#xe9;bastien Le Callonnec joined the project team.</td>
        </tr>
        <tr>
          <td>2008-02-29</td>
          <td>Release 2.2.1 is on it's first steps. Snapshot release available on <a href="http://dbunit.sourceforge.net/repo/snapshots">DbUnit Snapshots Maven Repo</a>.</td>
        </tr>
        <tr>
          <td>2007-12-01</td>
          <td>Roberto Lo Giacco joined the project team.</td>
        </tr>
        <tr> 
          <td>2006-12-28</td>
          <td>Version 2.2 finally released!!!. See <a href="changes-report.html#a2.2">changes</a>.</td>
        </tr>        
        <tr> 
          <td>2006-12-20</td>
          <td><a href="http://www.dbunit.org/cgi-bin/wiki.pl">Wiki</a> is back!. </td>
        </tr>        
        <tr> 
          <td>2006-05-28</td>
          <td>Build has been ported to <a href="http://maven.apache.org">Maven 2</a> and snapshots for the 2.2 release are available in the <a href="http://dbunit.sourceforge.net/repo/snapshots/">repository</a>. </td>
        </tr>        
        <tr> 
          <td>2006-02-04</td>
          <td>Felipe Leme joined the DbUnit developement team.</td>
        </tr>        
        <tr> 
          <td>2005-08-19</td>
          <td><b>Website Updated!</b> Link to wiki has been removed.  Many fixes in CVS for 2.2-dev, see <a href="changes-report.html#a2.2">changes</a>.</td>
        </tr>      
        <tr> 
          <td>2004-05-31</td>
          <td>Version 2.1 released. Multiple bugfixes and enhancements. See <a href="changes-report.html#a2.1">changes</a>.</td>
        </tr>
        <tr> 
          <td>2004-04-28</td>
          <td>DeveloperWorks article: <a href="http://www-106.ibm.com/developerworks/library/j-dbunit.html?ca=drs-j1604">Control your test-environement with DbUnit and Anthill</a>.</td>
        </tr>
        <tr> 
          <td>2004-03-16</td>
          <td>The <a href="http://www.dbunit.org/wiki/">DbUnit Wiki</a> is now officially online. Please contribute to the <a href=" http://www.dbunit.org/cgi-bin/wiki.pl?SupportedRDBMS">SupportedRDBMS</a> page.</td>
        </tr>
        <tr> 
          <td>2004-01-26</td>
          <td>ONJava article: <a href="http://www.onjava.com/pub/a/onjava/2004/01/21/dbunit.html">Effective Unit Testing with DbUnit</a>.</td>
        </tr>
        <tr> 
          <td>2004-01-22</td>
          <td>Version 2.0 released. See <a href="changes-report.html#a2.0">changes</a>.</td>
        </tr>
        <tr> 
          <td>2003-10-05</td>
          <td>Version 1.5.6 released. See <a href="changes-report.html#a1.5.6">changes</a>.</td>
        </tr>
        <tr> 
          <td>2003-07-16</td>
          <td>Federico Spinazzi joined the DbUnit developement team.</td>
        </tr>
        <tr> 
          <td>2003-07-16</td>
          <td>Version 1.5.5 released. See <a href="changes-report.html#a1.5.5">changes</a>.</td>
        </tr>
        <tr> 
          <td>2003-04-04</td>
          <td>Version 1.5.1 released. See <a href="changes-report.html#a1.5.1">changes</a>.</td>
        </tr>
        <tr> 
          <td>2003-03-01</td>
          <td>Version 1.5 released. See <a href="changes-report.html#a1.5">changes</a>.</td>
        </tr>
        <tr> 
          <td>2002-11-07</td>
          <td>Eric Pugh joined the DbUnit developement team.</td>
        </tr>
        <tr> 
          <td>2002-07-17</td>
          <td>The java API documentation is now available <a href="apidocs/index.html">online</a>.</td>
        </tr>
        <tr> 
          <td>2002-07-17</td>
          <td>Version 1.4 released. See <a href="changes-report.html#a1.4">changes</a>.</td>
        </tr>
        <tr> 
          <td>2002-05-10</td>
          <td>Timothy Ruppert and Ben Cox joined the DbUnit developement 
         team.</td>
        </tr>
        <tr> 
          <td>2002-04-04</td>
          <td>Version 1.3 released. See <a href="changes-report.html#a1.3">changes</a>.</td>
        </tr>
        <tr> 
          <td>2002-04-04</td>
          <td>New website design and logo done by <a href="http://www.silphid.com/">Silphid 
         Creations</a>.</td>
        </tr>
        <tr> 
          <td>2002-03-19</td>
          <td>Version 1.2.4 released. See <a href="changes-report.html#a1.2.4">changes</a>.</td>
        </tr>
        <tr> 
          <td>2002-03-15</td>
          <td>Version 1.2 released. See <a href="changes-report.html#a1.2">changes</a>.</td>
        </tr>
        <tr> 
          <td>2002-03-10</td>
          <td>Version 1.1 released. See <a href="changes-report.html#a1.1">changes</a>.</td>
        </tr>
        <tr> 
          <td>2002-02-27</td>
          <td>Version 1.0 released. This is the first public release.</td>
        </tr>
      </table>
  </section>

</body>
</document>
