<?xml version="1.0" encoding="ISO-8859-1"?>
<document><properties><title>Ressources</title></properties><body><section>
      <h3>External Ressources</h3>
      <table border="1">
        <tr> 
          <td><b>Document</b></td>
          <td><b>Description</b></td>
        </tr>
        <tr> 
          <td><a name="effectivedbtesting" href="http://www.onjava.com/pub/a/onjava/2004/01/21/dbunit.html">Effective Unit Testing with DbUnit</a></td>
          <td>Excellent introduction to DbUnit written by Andrew Glover. A must read!</td>
        </tr>
        <tr> 
          <td><a name="controltestenv" href="http://www-106.ibm.com/developerworks/java/library/j-dbunit.html">Control your test-environment with DbUnit and Anthill</a></td>
          <td>Learn how DbUnit can ease your testing and build process.</td>
        </tr>
        <tr> 
          <td><a href="http://groups.yahoo.com/group/agileDatabases/">The Agile Database 
        Mailing List</a></td>
          <td>Discussion about Database management with regards to Extreme Programming 
        practices and principles.</td>
        </tr>
        <tr> 
          <td><a href="http://www.agiledata.org/">The Agile Data Home Page</a></td>
          <td>Scott W. Ambler's site about Agile Data methodology. Ambler is sharing 
        multiple techniques about data-related software development issues.</td>
        </tr>
        <tr> 
          <td><a href="http://www.martinfowler.com/articles/evodb.html">Evolutionary 
        Database Design</a></td>
          <td>A Martin Fowler's white paper that describes techniques that allows a 
        database design to evolve as an application develops</td>
        </tr>
        <tr> 
          <td><a name="RichardDallaway" href="http://www.dallaway.com/acad/dbunit.html">Unit 
        testing database code</a></td>
          <td>Richard Dallaway notes about database unit testing.</td>
        </tr>
        <tr> 
          <td><a href="http://www.mockobjects.com/wiki/DevelopingJdbcApplicationsTestFirst">Developing 
        JDBC applications test-first</a></td>
          <td>The Mock Objects approach applied to JDBC development.</td>
        </tr>
        <tr> 
          <td><a href="http://www.junit.org">JUnit</a></td>
          <td>The home of the Java JUnit software.</td>
        </tr>
        <tr> 
          <td><a href="http://webtest.canoo.com/">Canoo Webtest Home</a></td>
          <td>Canoo WebTest is a free open source tool for automated testing of web 
        applications.</td>
        </tr>
      </table>
</section></body></document>