
<dataset>
	<PK_TABLE PK0="0" PK1="0" PK2="0" NORMAL0="row 0" NORMAL1="0 wor"/>
	<PK_TABLE PK0="1" PK1="1" PK2="1" NORMAL0="toto" NORMAL1="qwerty"/>
	<PK_TABLE PK0="2" PK1="2" PK2="2" NORMAL0="row 2" NORMAL1="2 wor"/>
	<PK_TABLE PK0="3" PK1="3" PK2="3" NORMAL0="3333" NORMAL1="33333"/>
	<PK_TABLE PK0="4" PK1="4" PK2="4" NORMAL0="4444" />
	<PK_TABLE PK0="5" PK1="5" PK2="5" NORMAL0="5555" NORMAL1="55555"/>
	<PK_TABLE PK0="6" PK1="6" PK2="6" NORMAL0="6666" NORMAL1="66666"/>
	<ONLY_PK_TABLE PK0="0"/>
	<ONLY_PK_TABLE PK0="1"/>
</dataset>
